<?xml version="1.0" encoding="UTF-8" standalone="yes"?>
<parameters>
<parameter name="ANALOG_SEARCH">0</parameter>
<parameter name="CLUSTER_MIN_SIZE">2</parameter>
<parameter name="CREATE_CLUSTER_BUCKETS">1</parameter>
<parameter name="CREATE_ILI_OUTPUT">0</parameter>
<parameter name="CREATE_TOPOLOGY_SIGNATURES">0</parameter>
<parameter name="FILTER_LIBRARY">1</parameter>
<parameter name="FILTER_PRECURSOR_WINDOW">1</parameter>
<parameter name="FILTER_STDDEV_PEAK_INT">0.0</parameter>
<parameter name="FIND_MATCHES_IN_PUBLIC_DATA">0</parameter>
<parameter name="MAXIMUM_COMPONENT_SIZE">100</parameter>
<parameter name="MAX_SHIFT_MASS">100.0</parameter>
<parameter name="MIN_MATCHED_PEAKS">4</parameter>
<parameter name="MIN_MATCHED_PEAKS_SEARCH">6</parameter>
<parameter name="MIN_PEAK_INT">0.0</parameter>
<parameter name="PAIRS_MIN_COSINE">0.5</parameter>
<parameter name="RUN_MSCLUSTER">on</parameter>
<parameter name="SCORE_THRESHOLD">0.7</parameter>
<parameter name="TOPK">10</parameter>
<parameter name="WINDOW_FILTER">1</parameter>
<parameter name="email">mjh438@cornell.edu</parameter>
<parameter name="library_on_server">d.speclibs;</parameter>
<parameter name="spec_on_server">f.mjh438/Mosaic demo/mut/AA01.mzXML;</parameter>
<parameter name="spec_on_server_group2">f.mjh438/Mosaic demo/wt/AA04.mzXML;</parameter>
<parameter name="task">11522f167df44ef4b1ca0605f33b3332</parameter>
<parameter name="tolerance.Ion_tolerance">0.02</parameter>
<parameter name="tolerance.PM_tolerance">0.01</parameter>
<parameter name="upload_file_mapping">spec-00000.mzXML|mjh438/Mosaic demo/mut/AA01.mzXML</parameter>
<parameter name="upload_file_mapping">spectwo-00000.mzXML|mjh438/Mosaic demo/wt/AA04.mzXML</parameter>
<parameter name="upload_file_mapping">lib-00000.mgf|speclibs/MIADB/MIADB.mgf</parameter>
<parameter name="upload_file_mapping">lib-00001.mgf|speclibs/GNPS-NIH-NATURALPRODUCTSLIBRARY_ROUND2_POSITIVE/GNPS-NIH-NATURALPRODUCTSLIBRARY_ROUND2_POSITIVE.mgf</parameter>
<parameter name="upload_file_mapping">lib-00002.mgf|speclibs/GNPS-COLLECTIONS-PESTICIDES-NEGATIVE/GNPS-COLLECTIONS-PESTICIDES-NEGATIVE.mgf</parameter>
<parameter name="upload_file_mapping">lib-00003.mgf|speclibs/MASSBANK/MASSBANK.mgf</parameter>
<parameter name="upload_file_mapping">lib-00004.mgf|speclibs/GNPS-NIH-CLINICALCOLLECTION1/GNPS-NIH-CLINICALCOLLECTION1.mgf</parameter>
<parameter name="upload_file_mapping">lib-00005.mgf|speclibs/HMDB/HMDB.mgf</parameter>
<parameter name="upload_file_mapping">lib-00006.mgf|speclibs/DEREPLICATOR_IDENTIFIED_LIBRARY/DEREPLICATOR_IDENTIFIED_LIBRARY.mgf</parameter>
<parameter name="upload_file_mapping">lib-00007.mgf|speclibs/GNPS-SELLECKCHEM-FDA-PART1/GNPS-SELLECKCHEM-FDA-PART1.mgf</parameter>
<parameter name="upload_file_mapping">lib-00008.mgf|speclibs/RESPECT/RESPECT.mgf</parameter>
<parameter name="upload_file_mapping">lib-00009.mgf|speclibs/GNPS-FAULKNERLEGACY/GNPS-FAULKNERLEGACY.mgf</parameter>
<parameter name="upload_file_mapping">lib-00010.mgf|speclibs/MASSBANKEU/MASSBANKEU.mgf</parameter>
<parameter name="upload_file_mapping">lib-00011.mgf|speclibs/GNPS-LIBRARY/GNPS-LIBRARY.mgf</parameter>
<parameter name="upload_file_mapping">lib-00012.mgf|speclibs/GNPS-PRESTWICKPHYTOCHEM/GNPS-PRESTWICKPHYTOCHEM.mgf</parameter>
<parameter name="upload_file_mapping">lib-00013.mgf|speclibs/GNPS-EMBL-MCF/GNPS-EMBL-MCF.mgf</parameter>
<parameter name="upload_file_mapping">lib-00014.mgf|speclibs/GNPS-NIH-CLINICALCOLLECTION2/GNPS-NIH-CLINICALCOLLECTION2.mgf</parameter>
<parameter name="upload_file_mapping">lib-00015.mgf|speclibs/GNPS-NIH-SMALLMOLECULEPHARMACOLOGICALLYACTIVE/GNPS-NIH-SMALLMOLECULEPHARMACOLOGICALLYACTIVE.mgf</parameter>
<parameter name="upload_file_mapping">lib-00016.mgf|speclibs/GNPS-SELLECKCHEM-FDA-PART2/GNPS-SELLECKCHEM-FDA-PART2.mgf</parameter>
<parameter name="upload_file_mapping">lib-00017.mgf|speclibs/GNPS-COLLECTIONS-PESTICIDES-POSITIVE/GNPS-COLLECTIONS-PESTICIDES-POSITIVE.mgf</parameter>
<parameter name="upload_file_mapping">lib-00018.mgf|speclibs/GNPS-NIH-NATURALPRODUCTSLIBRARY_ROUND2_NEGATIVE/GNPS-NIH-NATURALPRODUCTSLIBRARY_ROUND2_NEGATIVE.mgf</parameter>
<parameter name="upload_file_mapping">lib-00019.mgf|speclibs/PNNL-LIPIDS/PNNL-LIPIDS-POSITIVE.mgf</parameter>
<parameter name="upload_file_mapping">lib-00020.mgf|speclibs/PNNL-LIPIDS/PNNL-LIPIDS-NEGATIVE.mgf</parameter>
<parameter name="upload_file_mapping">lib-00021.mgf|speclibs/GNPS-COLLECTIONS-MISC/GNPS-COLLECTIONS-MISC.mgf</parameter>
<parameter name="upload_file_mapping">lib-00022.mgf|speclibs/GNPS-NIH-NATURALPRODUCTSLIBRARY/GNPS-NIH-NATURALPRODUCTSLIBRARY.mgf</parameter>
<parameter name="upload_file_mapping">lib-00023.mgf|speclibs/CASMI/CASMI.mgf</parameter>
<parameter name="upload_file_mapping">lib-00024.mgf|speclibs/MONA/MONA.mgf</parameter>
<parameter name="upload_file_mapping">lib-00025.mgf|speclibs/GNPS-NIST14-MATCHES/GNPS-NIST14-MATCHES.mgf</parameter>
<parameter name="user">mjh438</parameter>
<parameter name="uuid">1E031042-258C-0001-9BC5-32B016E08070</parameter>
<parameter name="workflow">METABOLOMICS-SNETS</parameter>
</parameters>
