#Scan#	Adduct	CAS_Number	Charge	Compound_Name	Compound_Source	Data_Collector	ExactMass	FileScanUniqueID	INCHI	INCHI_AUX	Instrument	IonMode	Ion_Source	LibMZ	LibraryName	LibraryQualityString	Library_Class	MQScore	MZErrorPPM	MassDiff	NumberHits	Organism	PI	Precursor_MZ	Pubmed_ID	RT_Query	SharedPeaks	Smiles	SpecCharge	SpecMZ	SpectrumFile	SpectrumID	TIC_Query	UpdateWorkflowName	tags
106	M+H	2615158	1	Spectral Match to Hexaethylene glycol from NIST14	Isolated	Data deposited by amelnik	0.0	spectra/specs_ms.pklbin106	N/A	N/A	HCD	Positive	ESI	283.175	lib-00025.mgf	Bronze	3	0.949939	0	0	1	GNPS-NIST14-MATCHES	Data from Rob Knight 	283.175	N/A	219.675	6	N/A	1	283.175	spectra/specs_ms.pklbin	CCMSLIB00003134614	2924.84	UPDATE-SINGLE-ANNOTATED-BRONZE	 
127	M+H	N/A	1	Spectral Match to Ile-Tyr from NIST14	Isolated	Data deposited by lfnothias	0.0	spectra/specs_ms.pklbin127	N/A	N/A	Q-TOF	Positive	ESI	295.159	lib-00025.mgf	Bronze	3	0.780933	20.3686	0.00601196	1	GNPS-NIST14-MATCHES	Data from Pieter Dorrestein	295.159	N/A	204.063	7	N/A	1	295.165	spectra/specs_ms.pklbin	CCMSLIB00003137975	7713.53	UPDATE-SINGLE-ANNOTATED-BRONZE	 
177	M+H	5156229	1	Spectral Match to Leu-Trp from NIST14	Isolated	Data deposited by negarg	0.0	spectra/specs_ms.pklbin177	N/A	N/A	Q-TOF	Positive	ESI	318.181	lib-00025.mgf	Bronze	3	0.901432	3.16512	0.00100708	1	GNPS-NIST14-MATCHES	Data from Pieter C Dorrestein	318.181	N/A	268.49	7	N/A	1	318.182	spectra/specs_ms.pklbin	CCMSLIB00003138895	1990.66	UPDATE-SINGLE-ANNOTATED-BRONZE	 
200	M+H	N/A	1	Spectral Match to Phe-Tyr from NIST14	Isolated	Data deposited by amelnik	0.0	spectra/specs_ms.pklbin200	N/A	N/A	Q-TOF	Positive	ESI	329.149	lib-00025.mgf	Bronze	3	0.809486	3.05965	0.00100708	1	GNPS-NIST14-MATCHES	Data from PDorrestein	329.149	N/A	227.992	6	N/A	1	329.15	spectra/specs_ms.pklbin	CCMSLIB00003136217	5546.76	UPDATE-SINGLE-ANNOTATED-BRONZE	 
25	M+H-H2O	N/A	1	Spectral Match to His-Pro from NIST14	Isolated	Data deposited by lfnothias	0.0	spectra/specs_ms.pklbin25	N/A	N/A	Q-TOF	Positive	ESI	235.119	lib-00025.mgf	Bronze	3	0.949895	0	0	1	GNPS-NIST14-MATCHES	Data from Pieter Dorrestein	235.119	N/A	202.115	8	N/A	0	235.119	spectra/specs_ms.pklbin	CCMSLIB00003138069	12810.9	UPDATE-SINGLE-ANNOTATED-BRONZE	 
252	M+H	24587415	1	Spectral Match to Phe-Trp from NIST14	Isolated	Data deposited by daniel	0.0	spectra/specs_ms.pklbin252	N/A	N/A	Q-TOF	Positive	ESI	352.165	lib-00025.mgf	Bronze	3	0.936048	2.77303	0.000976562	1	GNPS-NIST14-MATCHES	Data from Pieter Dorrestein	352.165	N/A	290.204	7	N/A	1	352.166	spectra/specs_ms.pklbin	CCMSLIB00003139311	1958.85	UPDATE-SINGLE-ANNOTATED-BRONZE	 
37	M+H	N/A	1	Spectral Match to Ile-Leu from NIST14	Isolated	Data deposited by lfnothias	0.0	spectra/specs_ms.pklbin37	N/A	N/A	QqQ	Positive	ESI	245.186	lib-00025.mgf	Bronze	3	0.992283	0	0	1	GNPS-NIST14-MATCHES	Data from Pieter Dorrestein	245.186	N/A	220.819	7	N/A	1	245.186	spectra/specs_ms.pklbin	CCMSLIB00003138951	14951.8	UPDATE-SINGLE-ANNOTATED-BRONZE	 
73	M+H	N/A	1	Spectral Match to Phe-Val from NIST14	Isolated	Data deposited by fevargas	0.0	spectra/specs_ms.pklbin73	N/A	N/A	Q-TOF	Positive	ESI	265.154	lib-00025.mgf	Bronze	3	0.760766	3.7981	0.00100708	1	GNPS-NIST14-MATCHES	Data from Chris Turck	265.154	N/A	217.848	6	N/A	1	265.155	spectra/specs_ms.pklbin	CCMSLIB00003137478	5885.15	UPDATE-SINGLE-ANNOTATED-BRONZE	 
99	M+H	N/A	1	Spectral Match to Phe-Leu from NIST14	Isolated	Data deposited by amelnik	0.0	spectra/specs_ms.pklbin99	N/A	N/A	IT/ion trap	Positive	ESI	279.17	lib-00025.mgf	Bronze	3	0.867221	3.49809	0.000976562	1	GNPS-NIST14-MATCHES	Data from Rob Knight 	279.17	N/A	251.115	8	N/A	1	279.171	spectra/specs_ms.pklbin	CCMSLIB00003134713	13745.2	UPDATE-SINGLE-ANNOTATED-BRONZE	 
