"","File","Group"
"1","/home/max/R/x86_64-pc-linux-gnu-library/3.6/Metaboseek/extdata/examples/ms1/mut/AA03.mzXML","Mut"
"2","/home/max/R/x86_64-pc-linux-gnu-library/3.6/Metaboseek/extdata/examples/ms1/mut/AA05.mzXML","Mut"
"3","/home/max/R/x86_64-pc-linux-gnu-library/3.6/Metaboseek/extdata/examples/ms1/mut/AA07.mzXML","Mut"
"4","/home/max/R/x86_64-pc-linux-gnu-library/3.6/Metaboseek/extdata/examples/ms1/wt/AA10.mzXML","WT"
"5","/home/max/R/x86_64-pc-linux-gnu-library/3.6/Metaboseek/extdata/examples/ms1/wt/AA12.mzXML","WT"
"6","/home/max/R/x86_64-pc-linux-gnu-library/3.6/Metaboseek/extdata/examples/ms1/wt/AA14.mzXML","WT"
"7","/home/max/R/x86_64-pc-linux-gnu-library/3.6/Metaboseek/extdata/examples/ms1/wt/AA16.mzXML","WT"
